,Elapsed time(seconds),SpO2(%),hr (bpm)
0,0.000, 97.000, 89.001
1,1.000, 97.000, 88.000
2,2.000, 97.000, 87.000
3,3.000, 97.000, 87.000
4,4.000, 97.000, 87.000
5,5.000, 96.000, 87.000
6,6.000, 96.000, 86.001
7,7.000, 96.000, 85.000
8,8.000, 96.000, 85.000
9,9.000, 96.000, 82.000
10,10.000, 96.000, 82.000
11,11.000, 96.000, 81.000
12,12.000, 96.000, 81.000
13,13.000, 96.000, 81.000
14,14.000, 96.000, 82.000
15,15.000, 96.000, 83.001
16,16.000, 97.000, 83.001
17,17.000, 97.000, 83.001
18,18.000, 97.000, 83.001
19,19.000, 97.000, 83.001
20,20.000, 97.000, 82.000
21,21.000, 97.000, 82.000
22,22.000, 97.000, 82.000
23,23.000, 97.000, 82.000
24,24.000, 97.000, 82.000
25,25.000, 97.000, 82.000
26,26.000, 97.000, 81.000
27,27.000, 97.000, 81.000
28,28.000, 96.000, 81.000
29,29.000, 96.000, 81.000
30,30.000, 96.000, 84.000
31,31.000, 97.000, 84.000
32,32.000, 97.000, 85.000
33,33.000, 97.000, 85.000
34,34.000, 97.000, 85.000
35,35.000, 97.000, 84.000
36,36.000, 97.000, 82.000
37,37.000, 97.000, 81.000
38,38.000, 96.000, 80.001
39,39.000, 96.000, 79.000
40,40.000, 96.000, 78.000
41,41.000, 95.000, 77.001
42,42.000, 95.000, 77.001
43,43.000, 96.000, 76.000
44,44.000, 96.000, 75.000
45,45.000, 96.000, 74.001
46,46.000, 96.000, 74.001
47,47.000, 96.000, 73.000
48,48.000, 97.000, 73.000
49,49.000, 97.000, 73.000
50,50.000, 97.000, 72.000
51,51.000, 97.000, 71.001
52,52.000, 97.000, 71.001
53,53.000, 97.000, 70.000
54,54.000, 97.000, 70.000
55,55.000, 96.000, 70.000
56,56.000, 96.000, 70.000
57,57.000, 96.000, 71.001
58,58.000, 96.000, 71.001
59,59.000, 97.000, 71.001
60,60.000, 97.000, 71.001
61,61.000, 97.000, 71.001
62,62.000, 97.000, 72.000
63,63.000, 97.000, 73.000
64,64.000, 97.000, 74.001
65,65.000, 97.000, 74.001
66,66.000, 97.000, 74.001
67,67.000, 98.000, 73.000
68,68.000, 98.000, 71.001
69,69.000, 98.000, 69.000
70,70.000, 97.000, 68.001
71,71.000, 97.000, 67.000
72,72.000, 97.000, 66.000
73,73.000, 97.000, 68.001
74,74.000, 97.000, 68.001
75,75.000, 96.000, 69.000
76,76.000, 96.000, 71.001
77,77.000, 96.000, 72.000
78,78.000, 96.000, 71.001
79,79.000, 96.000, 71.001
80,80.000, 96.000, 70.000
81,81.000, 96.000, 69.000
82,82.000, 96.000, 68.001
83,83.000, 96.000, 67.000
84,84.000, 96.000, 67.000
85,85.000, 96.000, 67.000
86,86.000, 96.000, 67.000
87,87.000, 96.000, 67.000
88,88.000, 96.000, 68.001
89,89.000, 96.000, 68.001
90,90.000, 95.000, 69.000
91,91.000, 95.000, 69.000
92,92.000, 95.000, 69.000
93,93.000, 95.000, 69.000
94,94.000, 95.000, 68.001
95,95.000, 95.000, 68.001
96,96.000, 95.000, 68.001
97,97.000, 95.000, 68.001
98,98.000, 95.000, 68.001
99,99.000, 95.000, 69.000
100,100.000, 95.000, 69.000
101,101.000, 95.000, 69.000
102,102.000, 95.000, 70.000
103,103.000, 96.000, 71.001
104,104.000, 96.000, 70.000
105,105.000, 96.000, 70.000
106,106.000, 96.000, 70.000
107,107.000, 96.000, 70.000
108,108.000, 96.000, 70.000
109,109.000, 96.000, 71.001
110,110.000, 96.000, 73.000
111,111.000, 96.000, 73.000
112,112.000, 96.000, 75.000
113,113.000, 96.000, 77.001
114,114.000, 96.000, 77.001
115,115.000, 96.000, 77.001
116,116.000, 96.000, 77.001
117,117.000, 96.000, 76.000
118,118.000, 96.000, 76.000
119,119.000, 96.000, 76.000
120,120.000, 96.000, 76.000
121,121.000, 96.000, 76.000
122,122.000, 96.000, 76.000
123,123.000, 96.000, 76.000
124,124.000, 96.000, 76.000
125,125.000, 96.000, 75.000
126,126.000, 96.000, 74.001
127,127.000, 96.000, 72.000
128,128.000, 96.000, 71.001
129,129.000, 96.000, 70.000
130,130.000, 96.000, 69.000
131,131.000, 96.000, 69.000
132,132.000, 96.000, 69.000
133,133.000, 96.000, 69.000
134,134.000, 96.000, 69.000
135,135.000, 96.000, 69.000
136,136.000, 96.000, 69.000
137,137.000, 96.000, 69.000
138,138.000, 96.000, 69.000
139,139.000, 96.000, 69.000
140,140.000, 96.000, 69.000
141,141.000, 96.000, 69.000
142,142.000, 96.000, 70.000
143,143.000, 96.000, 70.000
144,144.000, 96.000, 71.001
145,145.000, 96.000, 71.001
146,146.000, 96.000, 71.001
147,147.000, 95.000, 71.001
148,148.000, 95.000, 70.000
149,149.000, 95.000, 70.000
150,150.000, 95.000, 70.000
151,151.000, 95.000, 71.001
152,152.000, 95.000, 71.001
153,153.000, 96.000, 71.001
154,154.000, 96.000, 72.000
155,155.000, 96.000, 72.000
156,156.000, 96.000, 71.001
157,157.000, 96.000, 71.001
158,158.000, 96.000, 70.000
159,159.000, 96.000, 70.000
160,160.000, 96.000, 70.000
161,161.000, 96.000, 69.000
162,162.000, 96.000, 69.000
163,163.000, 96.000, 69.000
164,164.000, 96.000, 68.001
165,165.000, 96.000, 68.001
166,166.000, 96.000, 68.001
167,167.000, 96.000, 68.001
168,168.000, 96.000, 68.001
169,169.000, 96.000, 68.001
170,170.000, 96.000, 69.000
171,171.000, 96.000, 69.000
172,172.000, 95.000, 69.000
173,173.000, 95.000, 69.000
174,174.000, 95.000, 70.000
175,175.000, 95.000, 70.000
176,176.000, 95.000, 70.000
177,177.000, 95.000, 70.000
178,178.000, 95.000, 70.000
179,179.000, 95.000, 70.000
180,180.000, 95.000, 70.000
181,181.000, 95.000, 70.000
182,182.000, 95.000, 70.000
183,183.000, 95.000, 70.000
184,184.000, 95.000, 70.000
185,185.000, 95.000, 71.001
186,186.000, 95.000, 72.000
187,187.000, 95.000, 72.000
188,188.000, 95.000, 72.000
189,189.000, 95.000, 73.000
190,190.000, 95.000, 73.000
191,191.000, 95.000, 73.000
192,192.000, 95.000, 73.000
193,193.000, 96.000, 75.000
194,194.000, 96.000, 77.001
195,195.000, 96.000, 77.001
196,196.000, 96.000, 78.000
197,197.000, 96.000, 78.000
198,198.000, 96.000, 78.000
199,199.000, 96.000, 77.001
200,200.000, 96.000, 77.001
201,201.000, 96.000, 76.000
202,202.000, 96.000, 76.000
203,203.000, 96.000, 75.000
204,204.000, 96.000, 75.000
205,205.000, 96.000, 74.001
206,206.000, 96.000, 74.001
207,207.000, 96.000, 74.001
208,208.000, 96.000, 73.000
209,209.000, 96.000, 73.000
210,210.000, 96.000, 72.000
211,211.000, 96.000, 72.000
212,212.000, 96.000, 72.000
213,213.000, 96.000, 72.000
214,214.000, 96.000, 72.000
215,215.000, 96.000, 72.000
216,216.000, 96.000, 71.001
217,217.000, 96.000, 71.001
218,218.000, 96.000, 71.001
219,219.000, 96.000, 71.001
220,220.000, 96.000, 71.001
221,221.000, 96.000, 71.001
222,222.000, 96.000, 71.001
223,223.000, 96.000, 71.001
224,224.000, 96.000, 71.001
225,225.000, 96.000, 71.001
226,226.000, 96.000, 72.000
227,227.000, 96.000, 72.000
228,228.000, 96.000, 72.000
229,229.000, 96.000, 73.000
230,230.000, 96.000, 73.000
231,231.000, 96.000, 73.000
232,232.000, 96.000, 73.000
233,233.000, 96.000, 73.000
234,234.000, 96.000, 73.000
235,235.000, 96.000, 73.000
236,236.000, 96.000, 73.000
237,237.000, 96.000, 73.000
238,238.000, 96.000, 74.001
239,239.000, 96.000, 74.001
240,240.000, 96.000, 74.001
241,241.000, 96.000, 75.000
242,242.000, 96.000, 77.001
243,243.000, 96.000, 77.001
244,244.000, 96.000, 79.000
245,245.000, 96.000, 80.001
246,246.000, 96.000, 78.000
247,247.000, 96.000, 76.000
248,248.000, 96.000, 76.000
249,249.000, 96.000, 75.000
250,250.000, 96.000, 75.000
251,251.000, 96.000, 75.000
252,252.000, 96.000, 76.000
253,253.000, 96.000, 76.000
254,254.000, 96.000, 76.000
255,255.000, 96.000, 76.000
256,256.000, 96.000, 77.001
257,257.000, 96.000, 77.001
258,258.000, 96.000, 77.001
259,259.000, 96.000, 76.000
260,260.000, 96.000, 76.000
261,261.000, 96.000, 75.000
262,262.000, 96.000, 74.001
263,263.000, 96.000, 74.001
264,264.000, 96.000, 74.001
265,265.000, 96.000, 74.001
266,266.000, 96.000, 74.001
267,267.000, 96.000, 74.001
268,268.000, 96.000, 74.001
269,269.000, 96.000, 74.001
270,270.000, 96.000, 74.001
271,271.000, 96.000, 74.001
272,272.000, 96.000, 73.000
273,273.000, 96.000, 73.000
274,274.000, 96.000, 73.000
275,275.000, 96.000, 73.000
276,276.000, 96.000, 73.000
277,277.000, 96.000, 73.000
278,278.000, 96.000, 73.000
279,279.000, 96.000, 73.000
280,280.000, 96.000, 72.000
281,281.000, 96.000, 71.001
282,282.000, 96.000, 71.001
283,283.000, 96.000, 71.001
284,284.000, 96.000, 71.001
285,285.000, 96.000, 71.001
286,286.000, 96.000, 71.001
287,287.000, 96.000, 72.000
288,288.000, 96.000, 73.000
289,289.000, 96.000, 73.000
290,290.000, 96.000, 73.000
291,291.000, 96.000, 73.000
292,292.000, 96.000, 73.000
293,293.000, 96.000, 73.000
294,294.000, 96.000, 73.000
295,295.000, 96.000, 73.000
296,296.000, 96.000, 73.000
297,297.000, 96.000, 73.000
298,298.000, 96.000, 73.000
299,299.000, 96.000, 72.000
300,300.000, 96.000, 72.000
301,301.000, 96.000, 76.000
302,302.000, 95.000, 74.001
303,303.000, 95.000, 73.000
304,304.000, 95.000, 73.000
305,305.000, 95.000, 72.000
306,306.000, 95.000, 72.000
307,307.000, 95.000, 72.000
308,308.000, 95.000, 73.000
309,309.000, 96.000, 75.000
310,310.000, 96.000, 75.000
311,311.000, 96.000, 77.001
312,312.000, 96.000, 77.001
313,313.000, 96.000, 78.000
314,314.000, 96.000, 78.000
315,315.000, 96.000, 80.001
316,316.000, 96.000, 80.001
317,317.000, 96.000, 80.001
318,318.000, 96.000, 80.001
319,319.000, 96.000, 79.000
320,320.000, 96.000, 79.000
321,321.000, 96.000, 78.000
322,322.000, 96.000, 78.000
323,323.000, 96.000, 79.000
324,324.000, 96.000, 79.000
325,325.000, 96.000, 80.001
326,326.000, 96.000, 79.000
327,327.000, 96.000, 77.001
328,328.000, 96.000, 75.000
329,329.000, 96.000, 74.001
330,330.000, 96.000, 74.001
331,331.000, 96.000, 73.000
332,332.000, 96.000, 73.000
333,333.000, 96.000, 73.000
334,334.000, 96.000, 73.000
335,335.000, 96.000, 73.000
336,336.000, 96.000, 73.000
337,337.000, 96.000, 74.001
338,338.000, 96.000, 74.001
339,339.000, 96.000, 74.001
340,340.000, 96.000, 74.001
341,341.000, 96.000, 75.000
342,342.000, 96.000, 75.000
343,343.000, 96.000, 76.000
344,344.000, 96.000, 78.000
345,345.000, 96.000, 79.000
346,346.000, 96.000, 78.000
347,347.000, 96.000, 77.001
348,348.000, 96.000, 77.001
349,349.000, 96.000, 83.001
350,350.000, 96.000, 86.001
351,351.000, 96.000, 87.000
352,352.000, 95.000, 90.000
353,353.000, 95.000, 92.001
354,354.000, 95.000, 94.000
355,355.000, 95.000, 96.000
356,356.000, 95.000, 99.000
357,357.000, 96.000,102.999
358,358.000, 96.000,105.000
359,359.000, 96.000,105.000
360,360.000, 96.000,108.000
361,361.000, 97.000,107.000
362,362.000, 97.000,104.000
363,363.000, 97.000, 99.000
364,364.000, 97.000, 93.000
365,365.000, 97.000, 91.000
366,366.000, 97.000, 88.000
367,367.000, 98.000, 87.000
368,368.000, 98.000, 85.000
369,369.000, 98.000, 85.000
370,370.000, 98.000, 85.000
371,371.000, 98.000, 87.000
372,372.000, 98.000, 90.000
373,373.000, 98.000, 90.000
374,374.000, 98.000, 93.000
375,375.000, 98.000, 93.000
376,376.000, 98.000, 91.000
377,377.000, 98.000, 90.000
378,378.000, 98.000, 89.001
379,379.000, 97.000, 88.000
380,380.000, 97.000, 87.000
381,381.000, 97.000, 87.000
382,382.000, 97.000, 88.000
383,383.000, 97.000, 88.000
384,384.000, 97.000, 88.000
385,385.000, 97.000, 87.000
386,386.000, 97.000, 87.000
387,387.000, 97.000, 87.000
388,388.000, 97.000, 88.000
389,389.000, 96.000, 88.000
390,390.000, 96.000, 88.000
391,391.000, 96.000, 89.001
392,392.000, 96.000, 89.001
393,393.000, 96.000, 89.001
394,394.000, 96.000, 88.000
395,395.000, 96.000, 87.000
396,396.000, 96.000, 88.000
397,397.000, 97.000, 89.001
398,398.000, 97.000, 91.000
399,399.000, 97.000, 92.001
400,400.000, 97.000, 92.001
401,401.000, 97.000, 91.000
402,402.000, 97.000, 91.000
403,403.000, 97.000, 92.001
404,404.000, 97.000, 92.001
405,405.000, 96.000, 93.000
406,406.000, 96.000, 92.001
407,407.000, 96.000, 91.000
408,408.000, 96.000, 87.000
409,409.000, 96.000, 86.001
410,410.000, 96.000, 85.000
411,411.000, 96.000, 84.000
412,412.000, 96.000, 84.000
413,413.000, 96.000, 84.000
414,414.000, 96.000, 84.000
415,415.000, 96.000, 84.000
416,416.000, 96.000, 84.000
417,417.000, 96.000, 84.000
418,418.000, 96.000, 83.001
419,419.000, 96.000, 83.001
420,420.000, 97.000, 86.001
421,421.000, 97.000, 86.001
422,422.000, 97.000, 84.000
423,423.000, 97.000, 88.000
424,424.000, 97.000, 91.000
425,425.000, 97.000, 94.000
426,426.000, 97.000, 94.000
427,427.000, 97.000, 96.999
428,428.000, 97.000, 99.000
429,429.000, 97.000, 99.999
430,430.000, 97.000, 99.999
431,431.000, 97.000, 99.999
432,432.000, 97.000, 95.001
433,433.000, 97.000, 94.000
434,434.000, 97.000, 92.001
435,435.000, 97.000, 92.001
436,436.000, 96.000, 92.001
437,437.000, 96.000, 92.001
438,438.000, 96.000, 92.001
439,439.000, 96.000, 90.000
440,440.000, 96.000, 90.000
441,441.000, 96.000, 88.000
442,442.000, 97.000, 88.000
443,443.000, 97.000, 83.001
444,444.000, 97.000, 83.001
445,445.000, 97.000, 83.001
446,446.000, 97.000, 84.000
447,447.000, 97.000, 84.000
448,448.000, 96.000, 86.001
449,449.000, 96.000, 86.001
450,450.000, 96.000, 89.001
451,451.000, 96.000, 89.001
452,452.000, 95.000, 90.000
453,453.000, 95.000, 91.000
454,454.000, 95.000, 92.001
455,455.000, 95.000, 92.001
456,456.000, 95.000, 93.000
457,457.000, 95.000, 93.000
458,458.000, 95.000, 93.000
459,459.000, 95.000, 93.000
460,460.000, 95.000, 94.000
461,461.000, 95.000, 94.000
462,462.000, 95.000, 94.000
463,463.000, 95.000, 94.000
464,464.000, 95.000, 95.001
465,465.000, 95.000, 95.001
466,466.000, 96.000, 96.999
467,467.000, 96.000, 96.999
468,468.000, 96.000, 96.999
469,469.000, 96.000, 96.999
470,470.000, 96.000, 96.999
471,471.000, 97.000, 96.999
472,472.000, 97.000, 98.000
473,473.000, 97.000, 99.000
474,474.000, 97.000, 99.000
475,475.000, 98.000, 99.999
476,476.000, 98.000,101.000
477,477.000, 97.000,101.000
478,478.000, 97.000,102.000
479,479.000, 97.000,104.000
480,480.000, 97.000,104.000
481,481.000, 97.000,104.000
482,482.000, 96.000,104.000
483,483.000, 96.000,107.000
484,484.000, 96.000,107.000
485,485.000, 96.000,108.999
486,486.000, 96.000,108.000
487,487.000, 96.000,108.999
488,488.000, 96.000,108.999
489,489.000, 96.000,108.999
490,490.000, 96.000,108.000
491,491.000, 96.000,108.000
492,492.000, 96.000,108.000
493,493.000, 96.000,108.000
494,494.000, 96.000,108.000
495,495.000, 96.000,108.999
496,496.000, 96.000,111.000
497,497.000, 96.000,111.000
498,498.000, 96.000,110.000
499,499.000, 96.000,108.000
500,500.000, 96.000,107.000
501,501.000, 96.000,107.000
502,502.000, 96.000,105.999
503,503.000, 96.000,105.000
504,504.000, 97.000,105.000
505,505.000, 97.000,102.999
506,506.000, 97.000,102.999
507,507.000, 97.000,102.999
508,508.000, 97.000,102.999
509,509.000, 98.000,104.000
510,510.000, 98.000,104.000
511,511.000, 98.000,104.000
512,512.000, 98.000,104.000
513,513.000, 98.000,104.000
514,514.000, 97.000,104.000
515,515.000, 97.000,105.000
516,516.000, 97.000,105.000
517,517.000, 97.000,105.000
518,518.000, 97.000,105.000
519,519.000, 97.000,105.000
520,520.000, 97.000,104.000
521,521.000, 97.000,102.999
522,522.000, 97.000,102.999
523,523.000, 97.000,102.000
524,524.000, 97.000,102.000
525,525.000, 97.000,102.000
526,526.000, 97.000,102.000
527,527.000, 97.000,102.000
528,528.000, 97.000,102.000
529,529.000, 97.000,102.000
530,530.000, 97.000,102.000
531,531.000, 97.000,102.000
532,532.000, 97.000,101.000
533,533.000, 97.000,101.000
534,534.000, 97.000,101.000
535,535.000, 97.000, 99.999
536,536.000, 97.000, 99.999
537,537.000, 97.000, 99.000
538,538.000, 97.000, 99.000
539,539.000, 97.000, 99.999
540,540.000, 96.000, 99.000
541,541.000, 96.000, 99.999
542,542.000, 96.000, 99.000
543,543.000, 96.000, 99.000
544,544.000, 96.000, 99.000
545,545.000, 96.000, 99.999
546,546.000, 96.000, 99.999
547,547.000, 96.000, 99.999
548,548.000, 96.000, 99.999
549,549.000, 96.000, 98.000
550,550.000, 96.000, 98.000
551,551.000, 96.000, 95.001
552,552.000, 96.000, 95.001
553,553.000, 96.000, 95.001
554,554.000, 96.000, 95.001
555,555.000, 96.000, 95.001
556,556.000, 96.000, 95.001
557,557.000, 96.000, 95.001
558,558.000, 96.000, 96.000
559,559.000, 96.000, 96.000
560,560.000, 96.000, 96.000
561,561.000, 96.000, 99.999
562,562.000, 96.000,102.999
563,563.000, 97.000,105.000
564,564.000, 96.000,105.000
565,565.000, 96.000,105.999
566,566.000, 96.000,105.999
567,567.000, 96.000,105.999
568,568.000, 96.000,105.999
569,569.000, 96.000,105.999
570,570.000, 96.000,105.999
571,571.000, 96.000,105.999
572,572.000, 96.000,105.000
573,573.000, 96.000,105.999
574,574.000, 98.000,105.999
575,575.000, 98.000,108.000
576,576.000, 98.000,108.000
577,577.000, 98.000,108.000
578,578.000, 98.000,108.000
579,579.000, 98.000,108.000
580,580.000, 97.000,108.000
581,581.000, 97.000,108.000
582,582.000, 97.000,108.000
583,583.000, 97.000,110.000
584,584.000, 97.000,111.000
585,585.000, 97.000,111.000
586,586.000, 97.000,111.000
587,587.000, 97.000,111.000
588,588.000, 97.000,111.000
589,589.000, 97.000,111.000
590,590.000, 97.000,111.000
591,591.000, 97.000,111.000
592,592.000, 97.000,111.999
593,593.000, 97.000,111.999
594,594.000, 97.000,111.999
595,595.000, 97.000,111.999
596,596.000, 97.000,111.999
597,597.000, 97.000,111.999
598,598.000, 97.000,111.999
599,599.000, 97.000,113.000
600,600.000, 97.000,113.000
601,601.000, 97.000,113.000
602,602.000, 97.000,114.000
603,603.000, 97.000,114.000
604,604.000, 97.000,114.000
605,605.000, 97.000,114.000
606,606.000, 97.000,114.000
607,607.000, 97.000,114.000
608,608.000, 97.000,114.000
609,609.000, 97.000,114.000
610,610.000, 97.000,114.000
611,611.000, 97.000,114.000
612,612.000, 97.000,114.999
613,613.000, 97.000,116.000
614,614.000, 97.000,116.000
615,615.000, 96.000,116.000
616,616.000, 96.000,116.000
617,617.000, 96.000,117.000
618,618.000, 96.000,111.999
619,619.000, 96.000,111.999
620,620.000, 96.000,111.000
621,621.000, 95.000,111.000
622,622.000, 95.000,111.999
623,623.000, 95.000,111.999
624,624.000, 95.000,111.999
625,625.000, 95.000,113.000
626,626.000, 95.000,113.000
627,627.000, 95.000,113.000
628,628.000, 95.000,114.000
629,629.000, 95.000,114.000
630,630.000, 95.000,124.999
631,631.000, 95.000,124.999
632,632.000, 95.000,124.999
633,633.000, 95.000,124.999
634,634.000, 95.000,124.999
635,635.000, 95.000,123.999
636,636.000, 95.000,123.999
637,637.000, 95.000,122.000
638,638.000, 95.000,114.999
639,639.000, 95.000,107.000
640,640.000, 95.000,107.000
641,641.000, 95.000,107.000
642,642.000, 95.000, 95.001
643,643.000, 95.000, 95.001
644,644.000, 95.000, 95.001
645,645.000, 95.000, 95.001
646,646.000, 95.000, 93.000
647,647.000, 95.000, 94.000
648,648.000, 95.000, 94.000
649,649.000, 95.000, 94.000
650,650.000, 95.000, 94.000
651,651.000, 95.000, 94.000
652,652.000, 95.000, 94.000
653,653.000, 95.000, 94.000
654,654.000, 95.000, 96.000
655,655.000, 95.000, 96.999
656,656.000, 95.000, 96.999
657,657.000, 95.000,101.000
658,658.000, 96.000,108.999
659,659.000, 96.000,113.000
660,660.000, 96.000,116.000
661,661.000, 96.000,119.000
662,662.000, 95.000,122.000
663,663.000, 95.000,123.999
664,664.000, 95.000,126.000
665,665.000, 96.000,126.999
666,666.000, 96.000,126.999
667,667.000, 96.000,126.999
668,668.000, 96.000,126.999
669,669.000, 96.000,126.999
670,670.000, 96.000,123.999
671,671.000, 97.000,117.999
672,672.000, 97.000,116.000
673,673.000, 97.000,114.999
674,674.000, 97.000,111.999
675,675.000, 98.000,110.000
676,676.000, 98.000,111.000
677,677.000, 97.000,111.000
678,678.000, 97.000,111.000
679,679.000, 97.000,110.000
680,680.000, 96.000,108.999
681,681.000, 97.000,105.000
682,682.000, 97.000,102.000
683,683.000, 97.000, 98.000
684,684.000, 97.000, 96.000
685,685.000, 97.000, 94.000
686,686.000, 97.000, 93.000
687,687.000, 97.000, 93.000
688,688.000, 97.000, 94.000
689,689.000, 97.000, 94.000
690,690.000, 97.000, 95.001
691,691.000, 96.000, 92.001
692,692.000, 96.000, 91.000
693,693.000, 96.000, 91.000
694,694.000, 96.000, 92.001
695,695.000, 96.000, 93.000
696,696.000, 96.000, 95.001
697,697.000, 96.000, 94.000
698,698.000, 96.000, 92.001
699,699.000, 96.000, 91.000
700,700.000, 96.000, 90.000
701,701.000, 96.000, 90.000
702,702.000, 96.000, 89.001
703,703.000, 96.000, 87.000
704,704.000, 96.000, 87.000
705,705.000, 96.000, 84.000
706,706.000, 96.000, 84.000
707,707.000, 96.000, 84.000
708,708.000, 96.000, 83.001
709,709.000, 96.000, 83.001
710,710.000, 96.000, 83.001
711,711.000, 96.000, 82.000
712,712.000, 96.000, 82.000
713,713.000, 96.000, 82.000
714,714.000, 96.000, 81.000
715,715.000, 97.000, 80.001
716,716.000, 97.000, 80.001
717,717.000, 97.000, 80.001
718,718.000, 97.000, 80.001
719,719.000, 97.000, 80.001
720,720.000, 97.000, 80.001
721,721.000, 97.000, 80.001
722,722.000, 97.000, 80.001
723,723.000, 97.000, 79.000
724,724.000, 96.000, 79.000
725,725.000, 96.000, 78.000
726,726.000, 96.000, 78.000
727,727.000, 96.000, 78.000
728,728.000, 96.000, 78.000
729,729.000, 96.000, 78.000
730,730.000, 96.000, 77.001
731,731.000, 96.000, 76.000
732,732.000, 96.000, 76.000
733,733.000, 97.000, 76.000
734,734.000, 97.000, 76.000
735,735.000, 97.000, 76.000
736,736.000, 97.000, 77.001
737,737.000, 97.000, 77.001
738,738.000, 97.000, 77.001
739,739.000, 96.000, 77.001
740,740.000, 96.000, 77.001
741,741.000, 96.000, 77.001
742,742.000, 96.000, 77.001
743,743.000, 96.000, 77.001
744,744.000, 96.000, 77.001
745,745.000, 96.000, 77.001
746,746.000, 96.000, 77.001
747,747.000, 96.000, 77.001
748,748.000, 96.000, 78.000
749,749.000, 96.000, 84.000
750,750.000, 96.000, 84.000
751,751.000, 96.000, 86.001
752,752.000, 96.000, 87.000
753,753.000, 96.000, 83.001
754,754.000, 96.000, 80.001
755,755.000, 96.000, 79.000
756,756.000, 96.000, 76.000
757,757.000, 96.000, 76.000
758,758.000, 96.000, 77.001
759,759.000, 96.000, 77.001
760,760.000, 96.000, 77.001
761,761.000, 96.000, 77.001
762,762.000, 96.000, 77.001
763,763.000, 96.000, 76.000
764,764.000, 96.000, 76.000
765,765.000, 96.000, 76.000
766,766.000, 96.000, 76.000
767,767.000, 96.000, 77.001
768,768.000, 96.000, 77.001
769,769.000, 96.000, 78.000
770,770.000, 96.000, 78.000
771,771.000, 96.000, 78.000
772,772.000, 96.000, 77.001
773,773.000, 96.000, 77.001
774,774.000, 96.000, 76.000
775,775.000, 96.000, 74.001
776,776.000, 96.000, 74.001
777,777.000, 96.000, 73.000
778,778.000, 96.000, 72.000
779,779.000, 96.000, 72.000
780,780.000, 96.000, 71.001
781,781.000, 96.000, 71.001
782,782.000, 96.000, 71.001
783,783.000, 96.000, 72.000
784,784.000, 96.000, 72.000
785,785.000, 96.000, 73.000
786,786.000, 96.000, 73.000
787,787.000, 96.000, 73.000
788,788.000, 96.000, 73.000
789,789.000, 96.000, 73.000
790,790.000, 96.000, 72.000
791,791.000, 96.000, 72.000
792,792.000, 96.000, 72.000
793,793.000, 96.000, 72.000
794,794.000, 96.000, 72.000
795,795.000, 96.000, 73.000
796,796.000, 96.000, 74.001
797,797.000, 96.000, 75.000
798,798.000, 96.000, 75.000
799,799.000, 96.000, 76.000
800,800.000, 96.000, 77.001
801,801.000, 96.000, 78.000
802,802.000, 96.000, 80.001
803,803.000, 96.000, 80.001
804,804.000, 96.000, 82.000
805,805.000, 96.000, 84.000
806,806.000, 96.000, 84.000
807,807.000, 96.000, 83.001
808,808.000, 96.000, 83.001
809,809.000, 96.000, 83.001
810,810.000, 97.000, 82.000
811,811.000, 97.000, 82.000
812,812.000, 96.000, 81.000
813,813.000, 96.000, 80.001
814,814.000, 96.000, 79.000
815,815.000, 96.000, 79.000
816,816.000, 96.000, 79.000
817,817.000, 96.000, 78.000
818,818.000, 96.000, 77.001
819,819.000, 96.000, 77.001
820,820.000, 96.000, 77.001
821,821.000, 96.000, 76.000
822,822.000, 96.000, 76.000
823,823.000, 96.000, 76.000
824,824.000, 96.000, 76.000
825,825.000, 96.000, 76.000
826,826.000, 96.000, 76.000
827,827.000, 96.000, 76.000
828,828.000, 96.000, 76.000
829,829.000, 96.000, 75.000
830,830.000, 96.000, 75.000
831,831.000, 96.000, 76.000
832,832.000, 96.000, 76.000
833,833.000, 96.000, 79.000
834,834.000, 96.000, 82.000
835,835.000, 96.000, 82.000
836,836.000, 96.000, 81.000
837,837.000, 96.000, 80.001
838,838.000, 96.000, 78.000
839,839.000, 96.000, 78.000
840,840.000, 96.000, 78.000
841,841.000, 96.000, 78.000
842,842.000, 96.000, 79.000
843,843.000, 96.000, 79.000
844,844.000, 96.000, 79.000
845,845.000, 96.000, 78.000
846,846.000, 96.000, 78.000
847,847.000, 96.000, 77.001
848,848.000, 96.000, 77.001
849,849.000, 96.000, 77.001
850,850.000, 96.000, 77.001
851,851.000, 96.000, 78.000
852,852.000, 96.000, 78.000
853,853.000, 96.000, 78.000
854,854.000, 97.000, 79.000
855,855.000, 96.000, 80.001
856,856.000, 96.000, 80.001
857,857.000, 96.000, 80.001
858,858.000, 96.000, 79.000
859,859.000, 96.000, 79.000
860,860.000, 96.000, 79.000
861,861.000, 96.000, 79.000
862,862.000, 96.000, 79.000
863,863.000, 96.000, 80.001
864,864.000, 96.000, 79.000
865,865.000, 96.000, 80.001
866,866.000, 96.000, 80.001
867,867.000, 96.000, 79.000
868,868.000, 96.000, 79.000
869,869.000, 96.000, 80.001
870,870.000, 96.000, 80.001
871,871.000, 96.000, 81.000
872,872.000, 96.000, 81.000
873,873.000, 96.000, 80.001
874,874.000, 96.000, 80.001
875,875.000, 96.000, 79.000
876,876.000, 96.000, 79.000
877,877.000, 96.000, 80.001
878,878.000, 96.000, 80.001
879,879.000, 96.000, 80.001
880,880.000, 96.000, 80.001
881,881.000, 96.000, 79.000
882,882.000, 96.000, 79.000
883,883.000, 96.000, 78.000
884,884.000, 96.000, 78.000
885,885.000, 96.000, 77.001
886,886.000, 96.000, 77.001
887,887.000, 96.000, 76.000
888,888.000, 96.000, 76.000
889,889.000, 96.000, 75.000
890,890.000, 96.000, 75.000
891,891.000, 96.000, 75.000
892,892.000, 96.000, 75.000
893,893.000, 96.000, 75.000
894,894.000, 96.000, 75.000
895,895.000, 96.000, 75.000
896,896.000, 96.000, 75.000
897,897.000, 96.000, 75.000
898,898.000, 96.000, 75.000
899,899.000, 96.000, 75.000
900,900.000, 96.000, 75.000
901,901.000, 96.000, 74.001
902,902.000, 96.000, 74.001
903,903.000, 96.000, 74.001
904,904.000, 96.000, 74.001
905,905.000, 96.000, 75.000
906,906.000, 96.000, 75.000
907,907.000, 96.000, 76.000
908,908.000, 96.000, 77.001
909,909.000, 96.000, 77.001
910,910.000, 96.000, 77.001
911,911.000, 96.000, 77.001
912,912.000, 96.000, 77.001
913,913.000, 96.000, 77.001
914,914.000, 96.000, 77.001
915,915.000, 96.000, 76.000
916,916.000, 96.000, 76.000
917,917.000, 96.000, 76.000
918,918.000, 96.000, 76.000
919,919.000, 96.000, 76.000
920,920.000, 96.000, 76.000
921,921.000, 96.000, 77.001
922,922.000, 96.000, 77.001
923,923.000, 96.000, 77.001
924,924.000, 96.000, 76.000
925,925.000, 96.000, 76.000
926,926.000, 96.000, 76.000
927,927.000, 96.000, 75.000
928,928.000, 96.000, 75.000
929,929.000, 96.000, 74.001
930,930.000, 96.000, 75.000
931,931.000, 96.000, 74.001
932,932.000, 96.000, 74.001
933,933.000, 96.000, 76.000
934,934.000, 96.000, 76.000
935,935.000, 96.000, 76.000
936,936.000, 96.000, 76.000
937,937.000, 96.000, 75.000
938,938.000, 96.000, 74.001
939,939.000, 95.000, 74.001
940,940.000, 95.000, 78.000
941,941.000, 95.000, 78.000
942,942.000, 95.000, 80.001
943,943.000, 95.000, 79.000
944,944.000, 95.000, 78.000
945,945.000, 95.000, 78.000
946,946.000, 95.000, 77.001
947,947.000, 95.000, 75.000
948,948.000, 96.000, 75.000
949,949.000, 96.000, 75.000
950,950.000, 96.000, 78.000
951,951.000, 96.000, 78.000
952,952.000, 96.000, 79.000
953,953.000, 96.000, 80.001
954,954.000, 96.000, 80.001
955,955.000, 96.000, 80.001
956,956.000, 96.000, 80.001
957,957.000, 97.000, 79.000
958,958.000, 97.000, 78.000
959,959.000, 97.000, 78.000
960,960.000, 97.000, 77.001
961,961.000, 97.000, 75.000
962,962.000, 97.000, 75.000
963,963.000, 97.000, 75.000
964,964.000, 97.000, 75.000
965,965.000, 97.000, 75.000
966,966.000, 97.000, 75.000
967,967.000, 97.000, 75.000
968,968.000, 97.000, 78.000
969,969.000, 97.000, 79.000
970,970.000, 97.000, 81.000
971,971.000, 97.000, 81.000
972,972.000, 97.000, 81.000
973,973.000, 97.000, 81.000
974,974.000, 97.000, 82.000
975,975.000, 97.000, 82.000
976,976.000, 97.000, 84.000
977,977.000, 97.000, 84.000
978,978.000, 96.000, 86.001
979,979.000, 96.000, 86.001
980,980.000, 96.000, 86.001
981,981.000, 96.000, 86.001
982,982.000, 96.000, 86.001
983,983.000, 96.000, 86.001
984,984.000, 96.000, 86.001
985,985.000, 96.000, 86.001
986,986.000, 96.000, 86.001
987,987.000, 96.000, 86.001
988,988.000, 96.000, 86.001
989,989.000, 96.000, 86.001
990,990.000, 96.000, 86.001
991,991.000, 96.000, 86.001
992,992.000, 97.000, 90.000
993,993.000, 97.000, 90.000
994,994.000, 97.000, 90.000
995,995.000, 97.000, 90.000
996,996.000, 97.000, 90.000
997,997.000, 97.000, 90.000
998,998.000, 97.000, 93.000
999,999.000, 98.000, 93.000
1000,1000.000, 98.000,101.000
1001,1001.000, 98.000,101.000
1002,1002.000, 98.000,102.000
1003,1003.000, 98.000,101.000
1004,1004.000, 98.000, 99.999
1005,1005.000, 98.000, 96.999
1006,1006.000, 98.000, 96.999
1007,1007.000, 98.000, 96.000
1008,1008.000, 98.000, 96.000
1009,1009.000, 98.000, 95.001
1010,1010.000, 97.000, 95.001
1011,1011.000, 97.000, 95.001
1012,1012.000, 97.000, 96.000
1013,1013.000, 97.000, 96.999
1014,1014.000, 97.000, 96.999
1015,1015.000, 97.000, 96.999
1016,1016.000, 97.000, 96.000
1017,1017.000, 97.000, 95.001
1018,1018.000, 97.000, 95.001
1019,1019.000, 97.000, 94.000
1020,1020.000, 96.000, 96.999
1021,1021.000, 96.000, 98.000
1022,1022.000, 96.000, 99.999
1023,1023.000, 96.000, 99.000
1024,1024.000, 96.000, 99.000
1025,1025.000, 96.000, 96.000
1026,1026.000, 96.000, 94.000
1027,1027.000, 96.000, 93.000
1028,1028.000, 96.000, 90.000
1029,1029.000, 96.000, 89.001
1030,1030.000, 95.000, 86.001
1031,1031.000, 95.000, 84.000
1032,1032.000, 95.000, 84.000
1033,1033.000, 95.000, 82.000
1034,1034.000, 95.000, 81.000
1035,1035.000, 95.000, 80.001
1036,1036.000, 95.000, 80.001
1037,1037.000, 95.000, 79.000
1038,1038.000, 95.000, 79.000
1039,1039.000, 95.000, 79.000
1040,1040.000, 95.000, 79.000
1041,1041.000, 95.000, 79.000
1042,1042.000, 95.000, 80.001
1043,1043.000, 95.000, 80.001
1044,1044.000, 95.000, 81.000
1045,1045.000, 95.000, 81.000
1046,1046.000, 95.000, 81.000
1047,1047.000, 95.000, 83.001
1048,1048.000, 95.000, 83.001
1049,1049.000, 95.000, 82.000
1050,1050.000, 95.000, 82.000
1051,1051.000, 95.000, 81.000
1052,1052.000, 95.000, 80.001
1053,1053.000, 95.000, 80.001
1054,1054.000, 95.000, 80.001
1055,1055.000, 95.000, 78.000
1056,1056.000, 95.000, 78.000
1057,1057.000, 95.000, 77.001
1058,1058.000, 96.000, 76.000
1059,1059.000, 96.000, 76.000
1060,1060.000, 95.000, 76.000
1061,1061.000, 95.000, 78.000
1062,1062.000, 95.000, 78.000
1063,1063.000, 95.000, 79.000
1064,1064.000, 95.000, 79.000
1065,1065.000, 95.000, 80.001
1066,1066.000, 95.000, 79.000
1067,1067.000, 95.000, 79.000
1068,1068.000, 95.000, 78.000
1069,1069.000, 95.000, 78.000
1070,1070.000, 95.000, 77.001
1071,1071.000, 96.000, 77.001
1072,1072.000, 96.000, 77.001
1073,1073.000, 96.000, 77.001
1074,1074.000, 96.000, 78.000
1075,1075.000, 96.000, 78.000
1076,1076.000, 96.000, 79.000
1077,1077.000, 96.000, 79.000
1078,1078.000, 96.000, 79.000
1079,1079.000, 96.000, 79.000
1080,1080.000, 96.000, 80.001
1081,1081.000, 96.000, 79.000
1082,1082.000, 96.000, 79.000
1083,1083.000, 96.000, 81.000
1084,1084.000, 96.000, 83.001
1085,1085.000, 96.000, 83.001
1086,1086.000, 97.000, 84.000
1087,1087.000, 97.000, 83.001
1088,1088.000, 97.000, 82.000
1089,1089.000, 97.000, 80.001
1090,1090.000, 96.000, 79.000
1091,1091.000, 97.000, 79.000
1092,1092.000, 97.000, 79.000
1093,1093.000, 97.000, 80.001
1094,1094.000, 97.000, 80.001
1095,1095.000, 96.000, 80.001
1096,1096.000, 96.000, 80.001
1097,1097.000, 96.000, 80.001
1098,1098.000, 96.000, 80.001
1099,1099.000, 96.000, 80.001
1100,1100.000, 96.000, 80.001
1101,1101.000, 96.000, 80.001
1102,1102.000, 97.000, 80.001
1103,1103.000, 97.000, 80.001
1104,1104.000, 97.000, 80.001
1105,1105.000, 97.000, 80.001
1106,1106.000, 97.000, 81.000
1107,1107.000, 97.000, 81.000
1108,1108.000, 97.000, 81.000
1109,1109.000, 97.000, 81.000
1110,1110.000, 97.000, 82.000
1111,1111.000, 97.000, 82.000
1112,1112.000, 97.000, 83.001
1113,1113.000, 97.000, 83.001
1114,1114.000, 97.000, 83.001
1115,1115.000, 97.000, 82.000
1116,1116.000, 96.000, 81.000
1117,1117.000, 96.000, 81.000
1118,1118.000, 96.000, 81.000
1119,1119.000, 96.000, 81.000
1120,1120.000, 96.000, 81.000
1121,1121.000, 96.000, 81.000
1122,1122.000, 96.000, 81.000
1123,1123.000, 96.000, 82.000
1124,1124.000, 96.000, 82.000
1125,1125.000, 96.000, 82.000
1126,1126.000, 96.000, 83.001
1127,1127.000, 96.000, 82.000
1128,1128.000, 96.000, 82.000
1129,1129.000, 96.000, 82.000
1130,1130.000, 96.000, 82.000
1131,1131.000, 96.000, 81.000
1132,1132.000, 97.000, 81.000
1133,1133.000, 97.000, 81.000
1134,1134.000, 97.000, 81.000
1135,1135.000, 97.000, 80.001
1136,1136.000, 97.000, 82.000
1137,1137.000, 97.000, 83.001
1138,1138.000, 97.000, 84.000
1139,1139.000, 97.000, 84.000
1140,1140.000, 97.000, 84.000
1141,1141.000, 97.000, 84.000
1142,1142.000, 96.000, 84.000
1143,1143.000, 96.000, 83.001
1144,1144.000, 96.000, 84.000
1145,1145.000, 96.000, 84.000
1146,1146.000, 96.000, 84.000
1147,1147.000, 96.000, 85.000
1148,1148.000, 96.000, 85.000
1149,1149.000, 96.000, 84.000
1150,1150.000, 96.000, 84.000
1151,1151.000, 96.000, 83.001
1152,1152.000, 96.000, 83.001
1153,1153.000, 97.000, 83.001
1154,1154.000, 97.000, 82.000
1155,1155.000, 97.000, 82.000
1156,1156.000, 97.000, 82.000
1157,1157.000, 97.000, 82.000
1158,1158.000, 97.000, 83.001
1159,1159.000, 97.000, 82.000
1160,1160.000, 97.000, 82.000
1161,1161.000, 97.000, 80.001
1162,1162.000, 97.000, 78.000
1163,1163.000, 96.000, 77.001
1164,1164.000, 96.000, 77.001
1165,1165.000, 96.000, 76.000
1166,1166.000, 96.000, 77.001
1167,1167.000, 96.000, 77.001
1168,1168.000, 96.000, 78.000
1169,1169.000, 96.000, 78.000
1170,1170.000, 96.000, 80.001
1171,1171.000, 96.000, 81.000
1172,1172.000, 96.000, 81.000
1173,1173.000, 96.000, 81.000
1174,1174.000, 96.000, 81.000
1175,1175.000, 96.000, 80.001
1176,1176.000, 96.000, 80.001
1177,1177.000, 96.000, 80.001
1178,1178.000, 96.000, 80.001
1179,1179.000, 96.000, 83.001
1180,1180.000, 96.000, 83.001
1181,1181.000, 96.000, 84.000
1182,1182.000, 96.000, 85.000
1183,1183.000, 96.000, 85.000
1184,1184.000, 96.000, 84.000
1185,1185.000, 96.000, 84.000
1186,1186.000, 97.000, 83.001
1187,1187.000, 97.000, 81.000
1188,1188.000, 96.000, 81.000
1189,1189.000, 96.000, 80.001
1190,1190.000, 96.000, 81.000
1191,1191.000, 96.000, 81.000
1192,1192.000, 96.000, 83.001
1193,1193.000, 96.000, 83.001
1194,1194.000, 97.000, 84.000
1195,1195.000, 96.000, 83.001
1196,1196.000, 96.000, 83.001
1197,1197.000, 96.000, 82.000
1198,1198.000, 96.000, 81.000
1199,1199.000, 96.000, 80.001
1200,1200.000, 96.000, 80.001
1201,1201.000, 96.000, 80.001
1202,1202.000, 96.000, 82.000
1203,1203.000, 96.000, 86.001
1204,1204.000, 97.000, 87.000
1205,1205.000, 97.000, 89.001
1206,1206.000, 97.000, 88.000
1207,1207.000, 97.000, 85.000
1208,1208.000, 97.000, 85.000
1209,1209.000, 97.000, 85.000
1210,1210.000, 97.000, 85.000
1211,1211.000, 97.000, 85.000
1212,1212.000, 97.000, 85.000
1213,1213.000, 97.000, 85.000
1214,1214.000, 97.000, 85.000
1215,1215.000, 97.000, 85.000
1216,1216.000, 97.000, 85.000
1217,1217.000, 97.000, 85.000
1218,1218.000, 97.000, 85.000
1219,1219.000, 96.000, 84.000
1220,1220.000, 96.000, 84.000
1221,1221.000, 96.000, 83.001
1222,1222.000, 96.000, 83.001
1223,1223.000, 97.000, 81.000
1224,1224.000, 97.000, 81.000
1225,1225.000, 97.000, 80.001
1226,1226.000, 97.000, 79.000
1227,1227.000, 97.000, 79.000
1228,1228.000, 97.000, 79.000
1229,1229.000, 97.000, 78.000
1230,1230.000, 97.000, 78.000
1231,1231.000, 97.000, 78.000
1232,1232.000, 97.000, 79.000
1233,1233.000, 97.000, 79.000
1234,1234.000, 97.000, 81.000
1235,1235.000, 97.000, 81.000
1236,1236.000, 97.000, 81.000
1237,1237.000, 97.000, 82.000
1238,1238.000, 97.000, 82.000
1239,1239.000, 97.000, 82.000
1240,1240.000, 97.000, 82.000
1241,1241.000, 96.000, 81.000
1242,1242.000, 96.000, 81.000
1243,1243.000, 96.000, 82.000
1244,1244.000, 96.000, 81.000
1245,1245.000, 96.000, 82.000
1246,1246.000, 96.000, 82.000
1247,1247.000, 96.000, 82.000
1248,1248.000, 96.000, 82.000
1249,1249.000, 96.000, 82.000
1250,1250.000, 96.000, 82.000
1251,1251.000, 96.000, 82.000
1252,1252.000, 97.000, 82.000
1253,1253.000, 97.000, 81.000
1254,1254.000, 97.000, 81.000
1255,1255.000, 97.000, 81.000
1256,1256.000, 96.000, 80.001
1257,1257.000, 96.000, 81.000
1258,1258.000, 96.000, 81.000
1259,1259.000, 96.000, 80.001
1260,1260.000, 96.000, 79.000
1261,1261.000, 96.000, 79.000
1262,1262.000, 96.000, 78.000
1263,1263.000, 96.000, 78.000
1264,1264.000, 96.000, 78.000
1265,1265.000, 96.000, 77.001
1266,1266.000, 96.000, 78.000
1267,1267.000, 97.000, 84.000
1268,1268.000, 97.000, 84.000
1269,1269.000, 96.000, 86.001
1270,1270.000, 96.000, 86.001
1271,1271.000, 96.000, 87.000
1272,1272.000, 96.000, 87.000
1273,1273.000, 96.000, 87.000
1274,1274.000, 95.000, 87.000
1275,1275.000, 95.000, 87.000
1276,1276.000, 95.000, 87.000
1277,1277.000, 95.000, 87.000
1278,1278.000, 95.000, 88.000
1279,1279.000, 95.000, 88.000
1280,1280.000, 95.000, 88.000
1281,1281.000, 95.000, 89.001
1282,1282.000, 95.000, 89.001
1283,1283.000, 95.000, 89.001
1284,1284.000, 96.000, 87.000
1285,1285.000, 95.000, 86.001
1286,1286.000, 95.000, 86.001
1287,1287.000, 95.000, 85.000
1288,1288.000, 95.000, 86.001
1289,1289.000, 95.000, 85.000
1290,1290.000, 95.000, 86.001
1291,1291.000, 95.000, 86.001
1292,1292.000, 95.000, 85.000
1293,1293.000, 96.000, 85.000
1294,1294.000, 96.000, 85.000
1295,1295.000, 96.000, 85.000
1296,1296.000, 96.000, 85.000
1297,1297.000, 96.000, 86.001
1298,1298.000, 96.000, 86.001
1299,1299.000, 96.000, 86.001
1300,1300.000, 96.000, 86.001
1301,1301.000, 96.000, 86.001
1302,1302.000, 96.000, 86.001
1303,1303.000, 96.000, 87.000
1304,1304.000, 96.000, 89.001
1305,1305.000, 96.000, 89.001
1306,1306.000, 96.000, 90.000
1307,1307.000, 96.000, 88.000
1308,1308.000, 96.000, 87.000
1309,1309.000, 96.000, 87.000
1310,1310.000, 96.000, 86.001
1311,1311.000, 96.000, 85.000
1312,1312.000, 96.000, 84.000
1313,1313.000, 96.000, 84.000
1314,1314.000, 96.000, 84.000
1315,1315.000, 96.000, 84.000
1316,1316.000, 96.000, 85.000
1317,1317.000, 96.000, 86.001
1318,1318.000, 96.000, 85.000
1319,1319.000, 96.000, 84.000
1320,1320.000, 96.000, 82.000
1321,1321.000, 96.000, 81.000
1322,1322.000, 96.000, 80.001
1323,1323.000, 96.000, 79.000
1324,1324.000, 96.000, 79.000
1325,1325.000, 96.000, 80.001
1326,1326.000, 96.000, 82.000
1327,1327.000, 96.000, 85.000
1328,1328.000, 96.000, 86.001
1329,1329.000, 96.000, 84.000
1330,1330.000, 96.000, 83.001
1331,1331.000, 96.000, 82.000
1332,1332.000, 96.000, 81.000
1333,1333.000, 96.000, 81.000
1334,1334.000, 96.000, 81.000
1335,1335.000, 96.000, 83.001
1336,1336.000, 96.000, 85.000
1337,1337.000, 96.000, 85.000
1338,1338.000, 96.000, 85.000
1339,1339.000, 96.000, 85.000
1340,1340.000, 96.000, 86.001
1341,1341.000, 96.000, 86.001
1342,1342.000, 96.000, 86.001
1343,1343.000, 96.000, 86.001
1344,1344.000, 96.000, 86.001
1345,1345.000, 96.000, 86.001
1346,1346.000, 96.000, 86.001
1347,1347.000, 96.000, 86.001
1348,1348.000, 96.000, 86.001
1349,1349.000, 96.000, 86.001
1350,1350.000, 96.000, 86.001
1351,1351.000, 96.000, 86.001
1352,1352.000, 97.000, 87.000
1353,1353.000, 97.000, 88.000
1354,1354.000, 97.000, 88.000
1355,1355.000, 97.000, 87.000
1356,1356.000, 97.000, 87.000
1357,1357.000, 97.000, 87.000
1358,1358.000, 97.000, 87.000
1359,1359.000, 97.000, 87.000
1360,1360.000, 97.000, 87.000
1361,1361.000, 97.000, 86.001
1362,1362.000, 97.000, 87.000
1363,1363.000, 97.000, 87.000
1364,1364.000, 97.000, 91.000
1365,1365.000, 97.000, 93.000
1366,1366.000, 97.000, 93.000
1367,1367.000, 97.000, 93.000
1368,1368.000, 97.000, 93.000
1369,1369.000, 97.000, 93.000
1370,1370.000, 97.000, 93.000
1371,1371.000, 97.000, 93.000
1372,1372.000, 97.000, 93.000
1373,1373.000, 97.000, 93.000
1374,1374.000, 97.000, 93.000
1375,1375.000, 97.000, 93.000
1376,1376.000, 97.000, 93.000
1377,1377.000, 97.000, 93.000
1378,1378.000, 97.000, 93.000
1379,1379.000, 96.000, 93.000
1380,1380.000, 96.000, 93.000
1381,1381.000, 96.000, 93.000
1382,1382.000, 96.000, 93.000
1383,1383.000, 96.000, 93.000
1384,1384.000, 96.000, 93.000
1385,1385.000, 96.000, 93.000
1386,1386.000, 96.000, 93.000
1387,1387.000, 96.000, 93.000
1388,1388.000, 96.000, 93.000
1389,1389.000, 96.000, 93.000
1390,1390.000, 97.000, 96.000
1391,1391.000, 97.000, 96.000
1392,1392.000, 97.000,101.000
1393,1393.000, 97.000, 99.999
1394,1394.000, 97.000, 99.000
1395,1395.000, 97.000, 96.999
1396,1396.000, 97.000, 93.000
1397,1397.000, 97.000, 92.001
1398,1398.000, 98.000, 90.000
1399,1399.000, 97.000, 89.001
1400,1400.000, 97.000, 87.000
1401,1401.000, 97.000, 85.000
1402,1402.000, 97.000, 84.000
1403,1403.000, 96.000, 83.001
1404,1404.000, 96.000, 83.001
1405,1405.000, 96.000, 83.001
1406,1406.000, 95.000, 83.001
1407,1407.000, 95.000, 83.001
1408,1408.000, 95.000, 83.001
1409,1409.000, 94.000, 84.000
1410,1410.000, 94.000, 84.000
1411,1411.000, 94.000, 84.000
1412,1412.000, 94.000, 84.000
1413,1413.000, 94.000, 84.000
1414,1414.000, 94.000, 84.000
1415,1415.000, 94.000, 84.000
1416,1416.000, 94.000, 84.000
1417,1417.000, 95.000, 85.000
1418,1418.000, 95.000, 86.001
1419,1419.000, 95.000, 86.001
1420,1420.000, 95.000, 86.001
1421,1421.000, 95.000, 87.000
1422,1422.000, 95.000, 89.001
1423,1423.000, 95.000, 89.001
1424,1424.000, 95.000, 88.000
1425,1425.000, 96.000, 87.000
1426,1426.000, 96.000, 86.001
1427,1427.000, 96.000, 84.000
1428,1428.000, 96.000, 81.000
1429,1429.000, 95.000, 80.001
1430,1430.000, 95.000, 80.001
1431,1431.000, 94.000, 79.000
1432,1432.000, 94.000, 79.000
1433,1433.000, 94.000, 78.000
1434,1434.000, 93.000, 77.001
1435,1435.000, 93.000, 77.001
1436,1436.000, 93.000, 77.001
1437,1437.000, 93.000, 77.001
1438,1438.000, 93.000, 78.000
1439,1439.000, 94.000, 78.000
1440,1440.000, 95.000, 79.000
1441,1441.000, 95.000, 80.001
1442,1442.000, 96.000, 80.001
1443,1443.000, 96.000, 81.000
1444,1444.000, 96.000, 81.000
1445,1445.000, 96.000, 81.000
1446,1446.000, 96.000, 81.000
1447,1447.000, 96.000, 81.000
1448,1448.000, 97.000, 81.000
1449,1449.000, 96.000, 82.000
1450,1450.000, 96.000, 81.000
1451,1451.000, 96.000, 81.000
1452,1452.000, 96.000, 80.001
1453,1453.000, 96.000, 78.000
1454,1454.000, 95.000, 77.001
1455,1455.000, 95.000, 77.001
1456,1456.000, 95.000, 76.000
1457,1457.000, 95.000, 75.000
1458,1458.000, 95.000, 73.000
1459,1459.000, 95.000, 73.000
1460,1460.000, 95.000, 73.000
1461,1461.000, 96.000, 73.000
1462,1462.000, 96.000, 73.000
1463,1463.000, 96.000, 73.000
1464,1464.000, 96.000, 74.001
1465,1465.000, 96.000, 75.000
1466,1466.000, 96.000, 75.000
1467,1467.000, 96.000, 76.000
1468,1468.000, 96.000, 76.000
1469,1469.000, 95.000, 76.000
1470,1470.000, 95.000, 76.000
1471,1471.000, 95.000, 75.000
1472,1472.000, 95.000, 75.000
1473,1473.000, 96.000, 75.000
1474,1474.000, 96.000, 75.000
1475,1475.000, 96.000, 75.000
1476,1476.000, 96.000, 76.000
1477,1477.000, 96.000, 76.000
1478,1478.000, 96.000, 76.000
1479,1479.000, 96.000, 76.000
1480,1480.000, 96.000, 76.000
1481,1481.000, 95.000, 76.000
1482,1482.000, 95.000, 75.000
1483,1483.000, 95.000, 75.000
1484,1484.000, 95.000, 75.000
1485,1485.000, 95.000, 75.000
1486,1486.000, 95.000, 75.000
1487,1487.000, 95.000, 75.000
1488,1488.000, 95.000, 76.000
1489,1489.000, 95.000, 76.000
1490,1490.000, 95.000, 77.001
1491,1491.000, 95.000, 77.001
1492,1492.000, 95.000, 77.001
1493,1493.000, 95.000, 77.001
1494,1494.000, 95.000, 77.001
1495,1495.000, 95.000, 77.001
1496,1496.000, 95.000, 77.001
1497,1497.000, 95.000, 77.001
1498,1498.000, 95.000, 77.001
1499,1499.000, 95.000, 76.000
1500,1500.000, 95.000, 76.000
1501,1501.000, 95.000, 76.000
1502,1502.000, 96.000, 76.000
1503,1503.000, 96.000, 76.000
1504,1504.000, 95.000, 76.000
1505,1505.000, 95.000, 76.000
1506,1506.000, 95.000, 76.000
1507,1507.000, 95.000, 76.000
1508,1508.000, 95.000, 78.000
1509,1509.000, 95.000, 78.000
1510,1510.000, 95.000, 79.000
1511,1511.000, 95.000, 81.000
1512,1512.000, 95.000, 82.000
1513,1513.000, 95.000, 83.001
1514,1514.000, 95.000, 83.001
1515,1515.000, 95.000, 82.000
1516,1516.000, 95.000, 81.000
1517,1517.000, 95.000, 81.000
1518,1518.000, 95.000, 80.001
1519,1519.000, 95.000, 80.001
1520,1520.000, 95.000, 80.001
1521,1521.000, 95.000, 81.000
1522,1522.000, 95.000, 81.000
1523,1523.000, 95.000, 80.001
1524,1524.000, 95.000, 79.000
1525,1525.000, 95.000, 79.000
1526,1526.000, 95.000, 78.000
1527,1527.000, 95.000, 77.001
1528,1528.000, 95.000, 76.000
1529,1529.000, 95.000, 76.000
1530,1530.000, 95.000, 78.000
1531,1531.000, 95.000, 78.000
1532,1532.000, 95.000, 79.000
1533,1533.000, 95.000, 80.001
1534,1534.000, 95.000, 78.000
1535,1535.000, 95.000, 77.001
1536,1536.000, 95.000, 77.001
1537,1537.000, 95.000, 76.000
1538,1538.000, 95.000, 76.000
1539,1539.000, 95.000, 76.000
1540,1540.000, 95.000, 76.000
1541,1541.000, 95.000, 76.000
1542,1542.000, 95.000, 77.001
1543,1543.000, 95.000, 77.001
1544,1544.000, 95.000, 76.000
1545,1545.000, 94.000, 77.001
1546,1546.000, 94.000, 75.000
1547,1547.000, 94.000, 75.000
1548,1548.000, 94.000, 75.000
1549,1549.000, 94.000, 75.000
1550,1550.000, 94.000, 75.000
1551,1551.000, 95.000, 76.000
1552,1552.000, 95.000, 75.000
1553,1553.000, 95.000, 75.000
1554,1554.000, 95.000, 74.001
1555,1555.000, 95.000, 73.000
1556,1556.000, 95.000, 73.000
1557,1557.000, 95.000, 72.000
1558,1558.000, 96.000, 74.001
1559,1559.000, 96.000, 74.001
1560,1560.000, 96.000, 75.000
1561,1561.000, 96.000, 75.000
1562,1562.000, 97.000, 75.000
1563,1563.000, 97.000, 76.000
1564,1564.000, 97.000, 77.001
1565,1565.000, 96.000, 77.001
1566,1566.000, 96.000, 77.001
1567,1567.000, 96.000, 76.000
1568,1568.000, 96.000, 76.000
1569,1569.000, 96.000, 76.000
1570,1570.000, 96.000, 75.000
1571,1571.000, 96.000, 76.000
1572,1572.000, 96.000, 76.000
1573,1573.000, 96.000, 76.000
1574,1574.000, 96.000, 76.000
1575,1575.000, 96.000, 76.000
1576,1576.000, 96.000, 76.000
1577,1577.000, 96.000, 76.000
1578,1578.000, 96.000, 76.000
1579,1579.000, 96.000, 76.000
1580,1580.000, 96.000, 76.000
1581,1581.000, 96.000, 76.000
1582,1582.000, 96.000, 76.000
1583,1583.000, 96.000, 76.000
1584,1584.000, 96.000, 76.000
1585,1585.000, 96.000, 77.001
1586,1586.000, 96.000, 77.001
1587,1587.000, 96.000, 77.001
1588,1588.000, 96.000, 77.001
1589,1589.000, 96.000, 78.000
1590,1590.000, 96.000, 78.000
1591,1591.000, 96.000, 78.000
1592,1592.000, 96.000, 79.000
1593,1593.000, 96.000, 79.000
1594,1594.000, 95.000, 79.000
1595,1595.000, 95.000, 79.000
1596,1596.000, 95.000, 79.000
1597,1597.000, 95.000, 78.000
1598,1598.000, 95.000, 77.001
1599,1599.000, 95.000, 76.000
1600,1600.000, 95.000, 76.000
1601,1601.000, 95.000, 76.000
1602,1602.000, 95.000, 76.000
1603,1603.000, 95.000, 76.000
1604,1604.000, 95.000, 77.001
1605,1605.000, 95.000, 77.001
1606,1606.000, 95.000, 77.001
1607,1607.000, 95.000, 78.000
1608,1608.000, 95.000, 78.000
1609,1609.000, 95.000, 78.000
1610,1610.000, 95.000, 78.000
1611,1611.000, 95.000, 78.000
1612,1612.000, 95.000, 78.000
1613,1613.000, 95.000, 78.000
1614,1614.000, 95.000, 79.000
1615,1615.000, 95.000, 78.000
1616,1616.000, 95.000, 79.000
1617,1617.000, 95.000, 79.000
1618,1618.000, 95.000, 79.000
1619,1619.000, 94.000, 79.000
1620,1620.000, 94.000, 80.001
1621,1621.000, 94.000, 80.001
1622,1622.000, 94.000, 80.001
1623,1623.000, 94.000, 80.001
1624,1624.000, 94.000, 80.001
1625,1625.000, 94.000, 79.000
1626,1626.000, 94.000, 79.000
1627,1627.000, 94.000, 78.000
1628,1628.000, 94.000, 78.000
1629,1629.000, 94.000, 78.000
1630,1630.000, 94.000, 78.000
1631,1631.000, 94.000, 78.000
1632,1632.000, 94.000, 78.000
1633,1633.000, 94.000, 78.000
1634,1634.000, 94.000, 78.000
1635,1635.000, 95.000, 77.001
1636,1636.000, 95.000, 77.001
1637,1637.000, 95.000, 78.000
1638,1638.000, 96.000, 75.000
1639,1639.000, 96.000, 75.000
1640,1640.000, 96.000, 75.000
1641,1641.000, 96.000, 75.000
1642,1642.000, 95.000, 76.000
1643,1643.000, 95.000, 76.000
1644,1644.000, 95.000, 76.000
1645,1645.000, 95.000, 76.000
1646,1646.000, 95.000, 77.001
1647,1647.000, 95.000, 77.001
1648,1648.000, 95.000, 78.000
1649,1649.000, 95.000, 78.000
1650,1650.000, 95.000, 78.000
1651,1651.000, 95.000, 78.000
1652,1652.000, 95.000, 78.000
1653,1653.000, 95.000, 78.000
1654,1654.000, 95.000, 77.001
1655,1655.000, 95.000, 77.001
1656,1656.000, 95.000, 76.000
1657,1657.000, 95.000, 76.000
1658,1658.000, 95.000, 76.000
1659,1659.000, 95.000, 76.000
1660,1660.000, 95.000, 76.000
1661,1661.000, 95.000, 76.000
1662,1662.000, 95.000, 76.000
1663,1663.000, 95.000, 77.001
1664,1664.000, 95.000, 77.001
1665,1665.000, 95.000, 78.000
1666,1666.000, 95.000, 78.000
1667,1667.000, 95.000, 78.000
1668,1668.000, 95.000, 79.000
1669,1669.000, 95.000, 79.000
1670,1670.000, 95.000, 80.001
1671,1671.000, 95.000, 80.001
1672,1672.000, 95.000, 79.000
1673,1673.000, 95.000, 79.000
1674,1674.000, 96.000, 79.000
1675,1675.000, 95.000, 79.000
1676,1676.000, 95.000, 79.000
1677,1677.000, 95.000, 80.001
1678,1678.000, 95.000, 82.000
1679,1679.000, 95.000, 85.000
1680,1680.000, 95.000, 85.000
1681,1681.000, 95.000, 87.000
1682,1682.000, 96.000, 87.000
1683,1683.000, 96.000, 88.000
1684,1684.000, 96.000, 88.000
1685,1685.000, 96.000, 88.000
1686,1686.000, 96.000, 89.001
1687,1687.000, 96.000, 89.001
1688,1688.000, 96.000, 90.000
1689,1689.000, 96.000, 90.000
1690,1690.000, 96.000, 90.000
1691,1691.000, 96.000, 90.000
1692,1692.000, 97.000, 92.001
1693,1693.000, 97.000, 92.001
1694,1694.000, 97.000, 92.001
1695,1695.000, 97.000, 92.001
1696,1696.000, 97.000, 92.001
1697,1697.000, 97.000, 92.001
1698,1698.000, 97.000, 92.001
1699,1699.000, 97.000, 92.001
1700,1700.000, 97.000, 92.001
1701,1701.000, 97.000, 95.001
1702,1702.000, 96.000, 96.999
1703,1703.000, 96.000, 99.000
1704,1704.000, 96.000, 99.999
1705,1705.000, 97.000,101.000
1706,1706.000, 98.000,101.000
1707,1707.000, 98.000,101.000
1708,1708.000, 98.000,101.000
1709,1709.000, 98.000, 99.999
1710,1710.000, 99.000, 99.999
1711,1711.000, 99.000, 99.999
1712,1712.000, 98.000, 99.000
1713,1713.000, 98.000, 98.000
1714,1714.000, 98.000, 96.999
1715,1715.000, 98.000, 96.999
1716,1716.000, 98.000, 96.999
1717,1717.000, 97.000, 96.999
1718,1718.000, 97.000, 96.999
1719,1719.000, 96.000, 96.000
1720,1720.000, 96.000, 96.000
1721,1721.000, 96.000, 96.999
1722,1722.000, 95.000, 96.999
1723,1723.000, 95.000, 98.000
1724,1724.000, 95.000, 98.000
1725,1725.000, 95.000, 98.000
1726,1726.000, 95.000, 98.000
1727,1727.000, 95.000, 98.000
1728,1728.000, 95.000, 96.999
1729,1729.000, 95.000, 95.001
1730,1730.000, 95.000, 92.001
1731,1731.000, 95.000, 92.001
1732,1732.000, 95.000, 91.000
1733,1733.000, 94.000, 91.000
1734,1734.000, 94.000, 91.000
1735,1735.000, 94.000, 91.000
1736,1736.000, 94.000, 89.001
1737,1737.000, 95.000, 89.001
1738,1738.000, 95.000, 87.000
1739,1739.000, 95.000, 87.000
1740,1740.000, 95.000, 87.000
1741,1741.000, 95.000, 89.001
1742,1742.000, 95.000, 90.000
1743,1743.000, 96.000, 90.000
1744,1744.000, 96.000, 90.000
1745,1745.000, 96.000, 86.001
1746,1746.000, 96.000, 84.000
1747,1747.000, 96.000, 83.001
1748,1748.000, 97.000, 81.000
1749,1749.000, 97.000, 80.001
1750,1750.000, 97.000, 80.001
1751,1751.000, 97.000, 78.000
1752,1752.000, 97.000, 77.001
1753,1753.000, 97.000, 74.001
1754,1754.000, 97.000, 73.000
1755,1755.000, 97.000, 72.000
1756,1756.000, 97.000, 72.000
1757,1757.000, 97.000, 72.000
1758,1758.000, 96.000, 72.000
1759,1759.000, 96.000, 73.000
1760,1760.000, 96.000, 75.000
1761,1761.000, 96.000, 76.000
1762,1762.000, 96.000, 76.000
1763,1763.000, 95.000, 75.000
1764,1764.000, 95.000, 75.000
1765,1765.000, 95.000, 75.000
1766,1766.000, 95.000, 74.001
1767,1767.000, 96.000, 74.001
1768,1768.000, 96.000, 73.000
1769,1769.000, 96.000, 73.000
1770,1770.000, 96.000, 72.000
1771,1771.000, 96.000, 72.000
1772,1772.000, 96.000, 72.000
1773,1773.000, 96.000, 72.000
1774,1774.000, 96.000, 72.000
1775,1775.000, 96.000, 73.000
1776,1776.000, 96.000, 73.000
1777,1777.000, 96.000, 73.000
1778,1778.000, 96.000, 74.001
1779,1779.000, 95.000, 74.001
1780,1780.000, 95.000, 75.000
1781,1781.000, 95.000, 75.000
1782,1782.000, 95.000, 76.000
1783,1783.000, 95.000, 76.000
1784,1784.000, 95.000, 76.000
1785,1785.000, 95.000, 76.000
1786,1786.000, 95.000, 77.001
1787,1787.000, 95.000, 77.001
1788,1788.000, 95.000, 76.000
1789,1789.000, 95.000, 76.000
1790,1790.000, 95.000, 75.000
1791,1791.000, 96.000, 75.000
1792,1792.000, 96.000, 75.000
1793,1793.000, 96.000, 75.000
1794,1794.000, 96.000, 75.000
1795,1795.000, 96.000, 75.000
1796,1796.000, 96.000, 75.000
1797,1797.000, 96.000, 75.000
1798,1798.000, 96.000, 75.000
1799,1799.000, 95.000, 75.000
1800,1800.000, 95.000, 75.000
1801,1801.000, 95.000, 75.000
1802,1802.000, 95.000, 76.000
1803,1803.000, 95.000, 76.000
1804,1804.000, 95.000, 76.000
1805,1805.000, 95.000, 75.000
1806,1806.000, 96.000, 75.000
1807,1807.000, 96.000, 74.001
1808,1808.000, 96.000, 74.001
1809,1809.000, 95.000, 75.000
1810,1810.000, 95.000, 75.000
1811,1811.000, 95.000, 75.000
1812,1812.000, 95.000, 74.001
1813,1813.000, 95.000, 74.001
1814,1814.000, 95.000, 74.001
1815,1815.000, 95.000, 73.000
1816,1816.000, 95.000, 73.000
1817,1817.000, 95.000, 74.001
1818,1818.000, 95.000, 75.000
1819,1819.000, 95.000, 75.000
1820,1820.000, 95.000, 76.000
1821,1821.000, 95.000, 76.000
1822,1822.000, 95.000, 75.000
1823,1823.000, 95.000, 74.001
1824,1824.000, 95.000, 74.001
1825,1825.000, 95.000, 74.001
1826,1826.000, 95.000, 74.001
1827,1827.000, 95.000, 74.001
1828,1828.000, 95.000, 74.001
1829,1829.000, 95.000, 74.001
1830,1830.000, 95.000, 73.000
1831,1831.000, 95.000, 73.000
1832,1832.000, 95.000, 72.000
1833,1833.000, 95.000, 72.000
1834,1834.000, 95.000, 72.000
1835,1835.000, 95.000, 73.000
1836,1836.000, 95.000, 73.000
1837,1837.000, 95.000, 74.001
1838,1838.000, 95.000, 74.001
1839,1839.000, 95.000, 75.000
1840,1840.000, 95.000, 75.000
1841,1841.000, 94.000, 75.000
1842,1842.000, 94.000, 75.000
1843,1843.000, 94.000, 75.000
1844,1844.000, 94.000, 74.001
1845,1845.000, 94.000, 74.001
1846,1846.000, 95.000, 74.001
1847,1847.000, 95.000, 74.001
1848,1848.000, 95.000, 75.000
1849,1849.000, 95.000, 75.000
1850,1850.000, 95.000, 75.000
1851,1851.000, 96.000, 76.000
1852,1852.000, 96.000, 76.000
1853,1853.000, 96.000, 76.000
1854,1854.000, 96.000, 76.000
1855,1855.000, 96.000, 76.000
1856,1856.000, 96.000, 75.000
1857,1857.000, 96.000, 75.000
1858,1858.000, 96.000, 75.000
1859,1859.000, 96.000, 75.000
1860,1860.000, 96.000, 75.000
1861,1861.000, 96.000, 75.000
1862,1862.000, 96.000, 78.000
1863,1863.000, 96.000, 78.000
1864,1864.000, 96.000, 79.000
1865,1865.000, 96.000, 79.000
1866,1866.000, 96.000, 78.000
1867,1867.000, 96.000, 78.000
1868,1868.000, 96.000, 77.001
1869,1869.000, 96.000, 77.001
1870,1870.000, 96.000, 77.001
1871,1871.000, 96.000, 77.001
1872,1872.000, 96.000, 77.001
1873,1873.000, 96.000, 76.000
1874,1874.000, 96.000, 75.000
1875,1875.000, 96.000, 75.000
1876,1876.000, 96.000, 75.000
1877,1877.000, 95.000, 75.000
1878,1878.000, 95.000, 75.000
1879,1879.000, 95.000, 75.000
1880,1880.000, 95.000, 75.000
1881,1881.000, 95.000, 74.001
1882,1882.000, 95.000, 73.000
1883,1883.000, 95.000, 73.000
1884,1884.000, 95.000, 73.000
1885,1885.000, 95.000, 73.000
1886,1886.000, 95.000, 73.000
1887,1887.000, 95.000, 73.000
1888,1888.000, 95.000, 74.001
1889,1889.000, 95.000, 74.001
1890,1890.000, 95.000, 74.001
1891,1891.000, 95.000, 74.001
1892,1892.000, 95.000, 74.001
1893,1893.000, 95.000, 75.000
1894,1894.000, 95.000, 75.000
1895,1895.000, 95.000, 75.000
1896,1896.000, 95.000, 75.000
1897,1897.000, 95.000, 75.000
1898,1898.000, 95.000, 75.000
1899,1899.000, 95.000, 76.000
1900,1900.000, 95.000, 76.000
1901,1901.000, 95.000, 77.001
1902,1902.000, 95.000, 77.001
1903,1903.000, 95.000, 78.000
1904,1904.000, 95.000, 78.000
1905,1905.000, 95.000, 78.000
1906,1906.000, 95.000, 78.000
1907,1907.000, 95.000, 78.000
1908,1908.000, 96.000, 77.001
1909,1909.000, 96.000, 78.000
1910,1910.000, 96.000, 78.000
1911,1911.000, 96.000, 78.000
1912,1912.000, 96.000, 77.001
1913,1913.000, 96.000, 76.000
1914,1914.000, 96.000, 75.000
1915,1915.000, 96.000, 75.000
1916,1916.000, 96.000, 75.000
1917,1917.000, 96.000, 75.000
1918,1918.000, 96.000, 75.000
1919,1919.000, 96.000, 75.000
1920,1920.000, 96.000, 75.000
1921,1921.000, 96.000, 74.001
1922,1922.000, 96.000, 74.001
1923,1923.000, 96.000, 74.001
1924,1924.000, 96.000, 75.000
1925,1925.000, 96.000, 75.000
1926,1926.000, 96.000, 76.000
1927,1927.000, 96.000, 76.000
1928,1928.000, 96.000, 77.001
1929,1929.000, 96.000, 77.001
1930,1930.000, 96.000, 77.001
1931,1931.000, 96.000, 77.001
1932,1932.000, 96.000, 77.001
1933,1933.000, 96.000, 77.001
1934,1934.000, 95.000, 77.001
1935,1935.000, 95.000, 76.000
1936,1936.000, 95.000, 76.000
1937,1937.000, 95.000, 76.000
1938,1938.000, 96.000, 76.000
1939,1939.000, 96.000, 76.000
1940,1940.000, 96.000, 76.000
1941,1941.000, 96.000, 76.000
1942,1942.000, 96.000, 76.000
1943,1943.000, 96.000, 75.000
1944,1944.000, 96.000, 75.000
1945,1945.000, 96.000, 76.000
1946,1946.000, 96.000, 76.000
1947,1947.000, 96.000, 76.000
1948,1948.000, 96.000, 76.000
1949,1949.000, 96.000, 76.000
1950,1950.000, 96.000, 75.000
1951,1951.000, 96.000, 74.001
1952,1952.000, 96.000, 74.001
1953,1953.000, 96.000, 74.001
1954,1954.000, 96.000, 74.001
1955,1955.000, 96.000, 74.001
1956,1956.000, 96.000, 75.000
1957,1957.000, 96.000, 75.000
1958,1958.000, 96.000, 75.000
1959,1959.000, 96.000, 75.000
1960,1960.000, 96.000, 76.000
1961,1961.000, 96.000, 76.000
1962,1962.000, 96.000, 76.000
1963,1963.000, 96.000, 76.000
1964,1964.000, 96.000, 76.000
1965,1965.000, 95.000, 76.000
1966,1966.000, 95.000, 76.000
1967,1967.000, 95.000, 76.000
1968,1968.000, 95.000, 76.000
1969,1969.000, 95.000, 76.000
1970,1970.000, 95.000, 76.000
1971,1971.000, 95.000, 77.001
1972,1972.000, 95.000, 77.001
1973,1973.000, 95.000, 76.000
1974,1974.000, 95.000, 75.000
1975,1975.000, 95.000, 74.001
1976,1976.000, 95.000, 74.001
1977,1977.000, 95.000, 73.000
1978,1978.000, 95.000, 73.000
1979,1979.000, 95.000, 74.001
1980,1980.000, 95.000, 74.001
1981,1981.000, 95.000, 74.001
1982,1982.000, 95.000, 75.000
1983,1983.000, 95.000, 75.000
1984,1984.000, 94.000, 75.000
1985,1985.000, 94.000, 75.000
1986,1986.000, 94.000, 75.000
1987,1987.000, 95.000, 75.000
1988,1988.000, 95.000, 75.000
1989,1989.000, 95.000, 74.001
1990,1990.000, 95.000, 75.000
1991,1991.000, 95.000, 74.001
1992,1992.000, 95.000, 75.000
1993,1993.000, 95.000, 78.000
1994,1994.000, 95.000, 78.000
1995,1995.000, 95.000, 82.000
1996,1996.000, 95.000, 82.000
1997,1997.000, 95.000, 82.000
1998,1998.000, 94.000, 81.000
1999,1999.000, 95.000, 76.000
2000,2000.000, 95.000, 77.001
2001,2001.000, 95.000, 78.000
2002,2002.000, 95.000, 78.000
2003,2003.000, 95.000, 78.000
2004,2004.000, 95.000, 78.000
2005,2005.000, 95.000, 77.001
2006,2006.000, 95.000, 77.001
2007,2007.000, 95.000, 78.000
2008,2008.000, 95.000, 77.001
2009,2009.000, 95.000, 77.001
2010,2010.000, 95.000, 77.001
2011,2011.000, 95.000, 77.001
2012,2012.000, 95.000, 78.000
2013,2013.000, 95.000, 78.000
2014,2014.000, 96.000, 78.000
2015,2015.000, 96.000, 78.000
2016,2016.000, 96.000, 79.000
2017,2017.000, 96.000, 79.000
2018,2018.000, 95.000, 79.000
2019,2019.000, 95.000, 79.000
2020,2020.000, 95.000, 78.000
2021,2021.000, 95.000, 78.000
2022,2022.000, 95.000, 78.000
2023,2023.000, 95.000, 78.000
2024,2024.000, 95.000, 78.000
2025,2025.000, 95.000, 78.000
2026,2026.000, 95.000, 78.000
2027,2027.000, 95.000, 78.000
2028,2028.000, 95.000, 78.000
2029,2029.000, 95.000, 78.000
2030,2030.000, 95.000, 78.000
2031,2031.000, 95.000, 78.000
2032,2032.000, 95.000, 80.001
2033,2033.000, 96.000, 80.001
2034,2034.000, 96.000, 80.001
2035,2035.000, 96.000, 83.001
2036,2036.000, 96.000, 85.000
2037,2037.000, 97.000, 85.000
2038,2038.000, 97.000, 87.000
2039,2039.000, 97.000, 89.001
2040,2040.000, 97.000, 89.001
2041,2041.000, 97.000, 90.000
2042,2042.000, 97.000, 90.000
2043,2043.000, 96.000, 91.000
2044,2044.000, 96.000, 92.001
2045,2045.000, 96.000, 93.000
2046,2046.000, 95.000, 98.000
2047,2047.000, 95.000,101.000
2048,2048.000, 95.000,101.000
2049,2049.000, 95.000, 99.000
2050,2050.000, 95.000, 96.999
2051,2051.000, 95.000, 95.001
2052,2052.000, 94.000, 93.000
2053,2053.000, 94.000, 91.000
2054,2054.000, 94.000, 90.000
2055,2055.000, 95.000, 89.001
2056,2056.000, 95.000, 85.000
2057,2057.000, 95.000, 83.001
2058,2058.000, 95.000, 82.000
2059,2059.000, 95.000, 80.001
2060,2060.000, 95.000, 79.000
2061,2061.000, 95.000, 78.000
2062,2062.000, 95.000, 78.000
2063,2063.000, 95.000, 78.000
2064,2064.000, 95.000, 79.000
2065,2065.000, 95.000, 80.001
2066,2066.000, 95.000, 80.001
2067,2067.000, 96.000, 81.000
2068,2068.000, 96.000, 80.001
2069,2069.000, 96.000, 80.001
2070,2070.000, 96.000, 79.000
2071,2071.000, 96.000, 79.000
2072,2072.000, 96.000, 79.000
2073,2073.000, 96.000, 79.000
2074,2074.000, 96.000, 79.000
2075,2075.000, 96.000, 79.000
2076,2076.000, 96.000, 80.001
2077,2077.000, 95.000, 80.001
2078,2078.000, 96.000, 81.000
2079,2079.000, 95.000, 85.000
2080,2080.000, 95.000, 86.001
2081,2081.000, 95.000, 88.000
2082,2082.000, 95.000, 87.000
2083,2083.000, 95.000, 85.000
2084,2084.000, 95.000, 82.000
2085,2085.000, 95.000, 82.000
2086,2086.000, 96.000, 81.000
2087,2087.000, 96.000, 80.001
2088,2088.000, 96.000, 79.000
2089,2089.000, 96.000, 78.000
2090,2090.000, 96.000, 78.000
2091,2091.000, 96.000, 77.001
2092,2092.000, 96.000, 77.001
2093,2093.000, 96.000, 77.001
2094,2094.000, 96.000, 77.001
2095,2095.000, 97.000, 76.000
2096,2096.000, 96.000, 76.000
2097,2097.000, 96.000, 76.000
2098,2098.000, 96.000, 76.000
2099,2099.000, 96.000, 76.000
2100,2100.000, 95.000, 76.000
2101,2101.000, 95.000, 77.001
2102,2102.000, 95.000, 77.001
2103,2103.000, 94.000, 78.000
2104,2104.000, 94.000, 78.000
2105,2105.000, 94.000, 79.000
2106,2106.000, 94.000, 79.000
2107,2107.000, 94.000, 80.001
2108,2108.000, 94.000, 80.001
2109,2109.000, 94.000, 80.001
2110,2110.000, 94.000, 81.000
2111,2111.000, 94.000, 82.000
2112,2112.000, 94.000, 84.000
2113,2113.000, 94.000, 84.000
2114,2114.000, 94.000, 84.000
2115,2115.000, 94.000, 85.000
2116,2116.000, 94.000, 83.001
2117,2117.000, 94.000, 82.000
2118,2118.000, 95.000, 81.000
2119,2119.000, 95.000, 79.000
2120,2120.000, 95.000, 78.000
2121,2121.000, 96.000, 78.000
2122,2122.000, 96.000, 77.001
2123,2123.000, 96.000, 76.000
2124,2124.000, 96.000, 75.000
2125,2125.000, 96.000, 74.001
2126,2126.000, 96.000, 74.001
2127,2127.000, 96.000, 74.001
2128,2128.000, 96.000, 73.000
2129,2129.000, 96.000, 73.000
2130,2130.000, 96.000, 73.000
2131,2131.000, 96.000, 73.000
2132,2132.000, 96.000, 74.001
2133,2133.000, 96.000, 74.001
2134,2134.000, 96.000, 73.000
2135,2135.000, 96.000, 73.000
2136,2136.000, 96.000, 72.000
2137,2137.000, 96.000, 71.001
2138,2138.000, 96.000, 71.001
2139,2139.000, 95.000, 71.001
2140,2140.000, 95.000, 73.000
2141,2141.000, 95.000, 75.000
2142,2142.000, 95.000, 75.000
2143,2143.000, 95.000, 75.000
2144,2144.000, 94.000, 75.000
2145,2145.000, 94.000, 74.001
2146,2146.000, 94.000, 74.001
2147,2147.000, 94.000, 74.001
2148,2148.000, 94.000, 73.000
2149,2149.000, 94.000, 73.000
2150,2150.000, 94.000, 74.001
2151,2151.000, 94.000, 74.001
2152,2152.000, 94.000, 75.000
2153,2153.000, 94.000, 75.000
2154,2154.000, 94.000, 78.000
2155,2155.000, 94.000, 80.001
2156,2156.000, 94.000, 80.001
2157,2157.000, 94.000, 82.000
2158,2158.000, 94.000, 82.000
2159,2159.000, 94.000, 80.001
2160,2160.000, 94.000, 79.000
2161,2161.000, 94.000, 78.000
2162,2162.000, 94.000, 77.001
2163,2163.000, 94.000, 75.000
2164,2164.000, 94.000, 75.000
2165,2165.000, 95.000, 74.001
2166,2166.000, 95.000, 74.001
2167,2167.000, 95.000, 73.000
2168,2168.000, 95.000, 74.001
2169,2169.000, 95.000, 74.001
2170,2170.000, 95.000, 74.001
2171,2171.000, 95.000, 74.001
2172,2172.000, 95.000, 72.000
2173,2173.000, 94.000, 71.001
2174,2174.000, 94.000, 71.001
2175,2175.000, 94.000, 71.001
2176,2176.000, 94.000, 71.001
2177,2177.000, 94.000, 71.001
2178,2178.000, 94.000, 71.001
2179,2179.000, 94.000, 71.001
2180,2180.000, 94.000, 71.001
2181,2181.000, 95.000, 72.000
2182,2182.000, 95.000, 72.000
2183,2183.000, 95.000, 71.001
2184,2184.000, 95.000, 71.001
2185,2185.000, 95.000, 72.000
2186,2186.000, 96.000, 72.000
2187,2187.000, 96.000, 72.000
2188,2188.000, 96.000, 72.000
2189,2189.000, 96.000, 73.000
2190,2190.000, 96.000, 73.000
2191,2191.000, 97.000, 73.000
2192,2192.000, 97.000, 73.000
2193,2193.000, 97.000, 72.000
2194,2194.000, 97.000, 72.000
2195,2195.000, 97.000, 72.000
2196,2196.000, 97.000, 72.000
2197,2197.000, 97.000, 73.000
2198,2198.000, 96.000, 73.000
2199,2199.000, 96.000, 73.000
2200,2200.000, 96.000, 73.000
2201,2201.000, 96.000, 72.000
2202,2202.000, 96.000, 71.001
2203,2203.000, 96.000, 71.001
2204,2204.000, 96.000, 71.001
2205,2205.000, 96.000, 71.001
2206,2206.000, 96.000, 71.001
2207,2207.000, 96.000, 72.000
2208,2208.000, 95.000, 72.000
2209,2209.000, 95.000, 73.000
2210,2210.000, 95.000, 74.001
2211,2211.000, 95.000, 75.000
2212,2212.000, 95.000, 75.000
2213,2213.000, 95.000, 75.000
2214,2214.000, 95.000, 75.000
2215,2215.000, 95.000, 74.001
2216,2216.000, 95.000, 74.001
2217,2217.000, 94.000, 74.001
2218,2218.000, 94.000, 75.000
2219,2219.000, 94.000, 75.000
2220,2220.000, 94.000, 75.000
2221,2221.000, 94.000, 76.000
2222,2222.000, 94.000, 77.001
2223,2223.000, 94.000, 77.001
2224,2224.000, 94.000, 77.001
2225,2225.000, 94.000, 77.001
2226,2226.000, 93.000, 76.000
2227,2227.000, 93.000, 76.000
2228,2228.000, 93.000, 76.000
2229,2229.000, 94.000, 76.000
2230,2230.000, 94.000, 76.000
2231,2231.000, 94.000, 76.000
2232,2232.000, 94.000, 77.001
2233,2233.000, 94.000, 77.001
2234,2234.000, 94.000, 77.001
2235,2235.000, 94.000, 78.000
2236,2236.000, 95.000, 78.000
2237,2237.000, 95.000, 79.000
2238,2238.000, 95.000, 81.000
2239,2239.000, 95.000, 82.000
2240,2240.000, 95.000, 80.001
2241,2241.000, 95.000, 79.000
2242,2242.000, 96.000, 78.000
2243,2243.000, 96.000, 76.000
2244,2244.000, 96.000, 75.000
2245,2245.000, 96.000, 75.000
2246,2246.000, 96.000, 75.000
2247,2247.000, 96.000, 75.000
2248,2248.000, 96.000, 75.000
2249,2249.000, 96.000, 75.000
2250,2250.000, 95.000, 75.000
2251,2251.000, 95.000, 75.000
2252,2252.000, 95.000, 75.000
2253,2253.000, 95.000, 75.000
2254,2254.000, 95.000, 74.001
2255,2255.000, 95.000, 74.001
2256,2256.000, 95.000, 73.000
2257,2257.000, 95.000, 73.000
2258,2258.000, 95.000, 73.000
2259,2259.000, 95.000, 74.001
2260,2260.000, 95.000, 75.000
2261,2261.000, 95.000, 75.000
2262,2262.000, 95.000, 76.000
2263,2263.000, 95.000, 76.000
2264,2264.000, 95.000, 76.000
2265,2265.000, 95.000, 76.000
2266,2266.000, 95.000, 75.000
2267,2267.000, 95.000, 75.000
2268,2268.000, 95.000, 76.000
2269,2269.000, 95.000, 76.000
2270,2270.000, 95.000, 76.000
2271,2271.000, 94.000, 77.001
2272,2272.000, 94.000, 77.001
2273,2273.000, 94.000, 77.001
2274,2274.000, 94.000, 77.001
2275,2275.000, 94.000, 76.000
2276,2276.000, 94.000, 75.000
2277,2277.000, 94.000, 75.000
2278,2278.000, 94.000, 75.000
2279,2279.000, 94.000, 75.000
2280,2280.000, 94.000, 75.000
2281,2281.000, 94.000, 76.000
2282,2282.000, 94.000, 76.000
2283,2283.000, 94.000, 76.000
2284,2284.000, 94.000, 76.000
2285,2285.000, 94.000, 76.000
2286,2286.000, 95.000, 75.000
2287,2287.000, 95.000, 75.000
2288,2288.000, 94.000, 75.000
2289,2289.000, 94.000, 78.000
2290,2290.000, 94.000, 78.000
2291,2291.000, 94.000, 80.001
2292,2292.000, 94.000, 80.001
2293,2293.000, 94.000, 78.000
2294,2294.000, 94.000, 77.001
2295,2295.000, 94.000, 76.000
2296,2296.000, 94.000, 76.000
2297,2297.000, 95.000, 75.000
2298,2298.000, 95.000, 74.001
